<?xml version="1.0" encoding="UTF-8"?>
<properties version="1.0">

    <entry key="UseStagingApiKey">0</entry>

    <entry key="AuthServer">https://auth.cloudmade.com/</entry>
    <entry key="UnifiedSearchServer">http://unifiedsearch.sub.cloudmade.com:80/</entry>
    <entry key="LicensingServer">https://licensingserver.magellangps.com/api.php</entry>
    <entry key="ResourcesServer">https://licensingserver.magellangps.com/</entry>
    <entry key="TrafficTANAServer">http://nviptrafficsvr.magellangps.com:80/RoadTrafficTANA/tile.php</entry>
    <entry key="TrafficNVNAServer">http://nviptrafficsvr.magellangps.com:80/RoadTraffic/tile.php</entry>
    <entry key="TrafficOCServer">http://ociptrafficsvr.navman.co.nz:80/RoadTrafficOC/tile.php</entry>
    <entry key="OffboardServer">http://54.82.140.150/</entry>
    <entry key="GeocodingServer">http://geocode.magellangps.com/geocodeserviceoffboard/geocode.asmx</entry>
    <entry key="NetsuiteServer">https://checkout.netsuite.com/app/site/backend/passwordretrieval.nl?c=1142057&amp;sc=1&amp;whence=&amp;n=4&amp;login=T&amp;viewHint=F&amp;forgotPasswd=T</entry>
    <entry key="MapsafeServer">https://mapsafe.cloudmade.com/</entry>
    <entry key="SmartDataServer">https://smartdata-feeder.cloudmade.com/</entry>
    <entry key="OTAServer">http://mgngps-prod-smartgps.s3.amazonaws.com/</entry>
    <entry key="RedboxServer">http://www.redbox.com</entry>
    <entry key="TrapsterServer">https://alerts.cc.api.here.com/alerts/1.0/search.json</entry>

</properties>
